Change Type,DB ID,Old Name,New Name,Old Scientific Name,New Scientific Name,Old NBN GUID,New NBN GUID,Match Score,Match Type,Conservation Status
INSERT,NEW,-,,-,Promethes sulcator,-,NBNSYS0000031436,-,new_species,
INSERT,NEW,-,Small Scissor Bee,-,Chelostoma campanularum,-,NHMSYS0000875648,-,new_species,
INSERT,NEW,-,Small Sallow Mining Bee,-,Andrena praecox,-,NHMSYS0000875257,-,new_species,
INSERT,NEW,-,,-,Perilissus albitarsis,-,NHMSYS0000900787,-,new_species,
INSERT,NEW,-,Shady Tigress,-,Athalia lugens,-,NHMSYS0020480804,-,new_species,
INSERT,NEW,-,Common Mini-miner,-,Andrena minutula,-,NHMSYS0000875234,-,new_species,
INSERT,NEW,-,,-,Mimesa lutaria,-,NHMSYS0000876336,-,new_species,
INSERT,NEW,-,Gwynne's Mining Bee,-,Andrena bicolor,-,NHMSYS0000875171,-,new_species,
INSERT,NEW,-,,-,Euura pavida,-,NHMSYS0021240403,-,new_species,
INSERT,NEW,-,,-,Itoplectis maculator,-,NBNSYS0000031079,-,new_species,
INSERT,NEW,-,,-,Macrophya punctumalbum,-,NHMSYS0020920197,-,new_species,
INSERT,NEW,-,Variable Nomad Bee,-,Nomada zonata,-,NHMSYS0020936600,-,new_species,
INSERT,NEW,-,Chalk Yellow-face Bee,-,Hylaeus dilatatus,-,NHMSYS0000876102,-,new_species,
INSERT,NEW,-,Heath Sand Wasp,-,Ammophila pubescens,-,NHMSYS0000875038,-,new_species,
INSERT,NEW,-,,-,Lissonota coracina,-,NHMSYS0020920157,-,new_species,
INSERT,NEW,-,,-,Priocnemis parvula,-,NBNSYS0000009407,-,new_species,
INSERT,NEW,-,Small Shaggy Bee,-,Panurgus calcaratus,-,NHMSYS0000876529,-,new_species,
INSERT,NEW,-,,-,Cladius pilicornis,-,NHMSYS0020920101,-,new_species,
INSERT,NEW,-,,-,Pseudomalus violaceus,-,NBNSYS0100004923,-,new_species,
INSERT,NEW,-,,-,Stigmus pendulus,-,NHMSYS0000876716,-,new_species,
INSERT,NEW,-,,-,Dipogon variegatus,-,NBNSYS0000009397,-,new_species,
INSERT,NEW,-,,-,Selandria serva,-,NHMSYS0020482224,-,new_species,
INSERT,NEW,-,,-,Argogorytes fargeii,-,NHMSYS0000875445,-,new_species,
INSERT,NEW,-,Grey-banded Mining Bee,-,Andrena denticulata,-,NHMSYS0000875192,-,new_species,
INSERT,NEW,-,,-,Ichneumon suspiciosus,-,NHMSYS0000899758,-,new_species,
INSERT,NEW,-,Swollen-thighed Blood Bee,-,Sphecodes crassus,-,NBNSYS0000009728,-,new_species,
INSERT,NEW,-,Red Wasp,-,Vespula rufa,-,NHMSYS0000876782,-,new_species,
INSERT,NEW,-,,-,Anoplius nigerrimus,-,NHMSYS0000875308,-,new_species,
INSERT,NEW,-,Turquoise Furrow Bee,-,Lasioglossum cupromicans,-,NHMSYS0000876175,-,new_species,
INSERT,NEW,-,Black-horned Nomad Bee,-,Nomada rufipes,-,NHMSYS0000876448,-,new_species,
INSERT,NEW,-,Rufescent Sharp-tail Bee,-,Coelioxys rufescens,-,NHMSYS0000875704,-,new_species,
INSERT,NEW,-,,-,Chrysis ruddii,-,NHMSYS0000875668,-,new_species,
INSERT,NEW,-,Little Nomad Bee,-,Nomada flavoguttata,-,NHMSYS0000876420,-,new_species,
INSERT,NEW,-,,-,Chrysis vanlithi,-,NHMSYS0021231943,-,new_species,
INSERT,NEW,-,Knopper Gall,-,Andricus quercuscalicis,-,NBNSYS0000031922,-,new_species,
INSERT,NEW,-,Ridge-saddled Carpenter Bee,-,Heriades truncorum,-,NHMSYS0000876052,-,new_species,
INSERT,NEW,-,Silver Spiny Digger Wasp,-,Oxybelus argentatus,-,NHMSYS0000876522,-,new_species,
INSERT,NEW,-,,-,Tiphia femorata,-,NHMSYS0000876757,-,new_species,
INSERT,NEW,-,Cuckoo Wasp,-,Vespula austriaca,-,NHMSYS0000876780,-,new_species,
INSERT,NEW,-,Early Nomad Bee,-,Nomada leucophthalma,-,NHMSYS0000876436,-,new_species,
INSERT,NEW,-,,-,Nematus lucidus,-,NBNSYS0000013662,-,new_species,
INSERT,NEW,-,,-,Ophion scutellaris,-,NBNSYS0000031331,-,new_species,
INSERT,NEW,-,,-,Tachysphex pompiliformis,-,NHMSYS0000876735,-,new_species,
INSERT,NEW,-,Gold-Fringed Mason Bee,-,Osmia aurulenta,-,NHMSYS0000876507,-,new_species,
INSERT,NEW,-,Brown-banded Carder Bee,-,Bombus humilis,-,NHMSYS0000875563,-,new_species,
INSERT,NEW,-,,-,Tenthredo maculata,-,NBNSYS0000013476,-,new_species,
INSERT,NEW,-,,-,Mimumesa dahlbomi,-,NBNSYS0100004089,-,new_species,
INSERT,NEW,-,,-,Platycampus luridiventris,-,NHMSYS0020481830,-,new_species,
INSERT,NEW,-,Turnip Tigress,-,Athalia rosae,-,NHMSYS0020480806,-,new_species,
INSERT,NEW,-,,-,Tenthredo notha,-,NBNSYS0100005775,-,new_species,
INSERT,NEW,-,,-,Dolerus haematodes,-,NBNSYS0000013336,-,new_species,
INSERT,NEW,-,,-,Ectemnius ruficornis,-,NHMSYS0000875894,-,new_species,
INSERT,NEW,-,,-,Lonchodryinus ruficornis,-,NHMSYS0000876271,-,new_species,
INSERT,NEW,-,Buff-tailed Mining Bee,-,Andrena humilis,-,NHMSYS0000875218,-,new_species,
INSERT,NEW,-,Slender Digger Wasp,-,Crossocerus elongatulus,-,NHMSYS0000875785,-,new_species,
INSERT,NEW,-,Belted Tigress,-,Athalia bicolor,-,NHMSYS0020480796,-,new_species,
INSERT,NEW,-,False Margined Blood Bee,-,Sphecodes miniatus,-,NBNSYS0000009736,-,new_species,
INSERT,NEW,-,,-,Lasius umbratus,-,NHMSYS0000876228,-,new_species,
INSERT,NEW,-,,-,Dolerus varispinus,-,NHMSYS0020920127,-,new_species,
INSERT,NEW,-,Black-thighed Epeolus,-,Epeolus variegatus,-,NHMSYS0000875912,-,new_species,
INSERT,NEW,-,Broad-margined Mining Bee,-,Andrena synadelpha,-,NHMSYS0000875280,-,new_species,
INSERT,NEW,-,,-,Crossocerus palmipes,-,NHMSYS0000875797,-,new_species,
INSERT,NEW,-,Brown-footed Leafcutter Bee,-,Megachile versicolor,-,NHMSYS0000876302,-,new_species,
INSERT,NEW,-,,-,Sapyga quinquepunctata,-,NHMSYS0000876664,-,new_species,
INSERT,NEW,-,,-,Tenthredo mesomela,-,NHMSYS0020920295,-,new_species,
INSERT,NEW,-,,-,Trichrysis cyanea,-,NHMSYS0000876762,-,new_species,
INSERT,NEW,-,,-,Ichneumon xanthorius,-,NBNSYS0000031600,-,new_species,
INSERT,NEW,-,Rose Bedeguar Causer,-,Diplolepis rosae,-,NBNSYS0000031893,-,new_species,
INSERT,NEW,-,,-,Trichopria aequata,-,NBNSYS0000032935,-,new_species,
INSERT,NEW,-,,-,Crossocerus nigritus,-,NHMSYS0000875793,-,new_species,
INSERT,NEW,-,,-,Heterarthrus wuestneii,-,NHMSYS0020481251,-,new_species,
INSERT,NEW,-,,-,Astata boops,-,NHMSYS0000875449,-,new_species,
INSERT,NEW,-,Yellow-legged Mining Bee,-,Andrena flavipes,-,NHMSYS0000875202,-,new_species,
INSERT,NEW,-,Fabricius' Nomad Bee,-,Nomada fabriciana,-,NHMSYS0000876415,-,new_species,
INSERT,NEW,-,Sainfoin Blunthorn Bee,-,Melitta dimidiata,-,NHMSYS0000876311,-,new_species,
INSERT,NEW,-,,-,Dolerus germanicus,-,NBNSYS0000013333,-,new_species,
INSERT,NEW,-,,-,Dolerus niger,-,NBNSYS0000013341,-,new_species,
INSERT,NEW,-,,-,Euura pedunculi,-,NHMSYS0021240408,-,new_species,
INSERT,NEW,-,Willughby's Leafcutter Bee,-,Megachile willughbiella,-,NHMSYS0000876303,-,new_species,
INSERT,NEW,-,Ashy Mining Bee,-,Andrena cineraria,-,NHMSYS0000875177,-,new_species,
INSERT,NEW,-,,-,Harpactus tumidus,-,NHMSYS0000876038,-,new_species,
INSERT,NEW,-,Small Tiphia,-,Tiphia minuta,-,NHMSYS0000876758,-,new_species,
INSERT,NEW,-,Yellow Loosestrife Bee,-,Macropis europaea,-,NHMSYS0000876276,-,new_species,
INSERT,NEW,-,,-,Macrophya alboannulata,-,NBNSYS0000042236,-,new_species,
INSERT,NEW,-,,-,Ectemnius sexcinctus,-,NBNSYS0000009512,-,new_species,
INSERT,NEW,-,Bilberry Bumblebee,-,Bombus monticola,-,NHMSYS0000875571,-,new_species,
INSERT,NEW,-,,-,Formica lemani,-,NHMSYS0000875957,-,new_species,
INSERT,NEW,-,Black-headed Leafcutter Bee,-,Megachile circumcincta,-,NHMSYS0000876296,-,new_species,
INSERT,NEW,-,,-,Chrysura radians,-,NHMSYS0000875679,-,new_species,
INSERT,NEW,-,,-,Tenthredo brevicornis,-,NBNSYS0100005774,-,new_species,
INSERT,NEW,-,Common Wasp,-,Vespula vulgaris,-,NHMSYS0000876783,-,new_species,
INSERT,NEW,-,,-,Profenusa pygmaea,-,NHMSYS0020482134,-,new_species,
INSERT,NEW,-,Orange-horned Nomad Bee,-,Nomada fulvicornis,-,NHMSYS0000876423,-,new_species,
INSERT,NEW,-,Yellow Meadow Ant,-,Lasius flavus,-,NHMSYS0000876223,-,new_species,
INSERT,NEW,-,,-,Ectemnius dives,-,NHMSYS0000875883,-,new_species,
INSERT,NEW,-,Red-shanked Carder Bee,-,Bombus ruderarius,-,NHMSYS0000875582,-,new_species,
INSERT,NEW,-,,-,Crossocerus capitosus,-,NHMSYS0000875778,-,new_species,
INSERT,NEW,-,Hedgerow Spinner,-,Pamphilius sylvaticus,-,NHMSYS0020481766,-,new_species,
INSERT,NEW,-,Smeathman's Furrow Bee,-,Lasioglossum smeathmanellum,-,NHMSYS0000876212,-,new_species,
INSERT,NEW,-,,-,Anoplius concinnus,-,NHMSYS0000875305,-,new_species,
INSERT,NEW,-,,-,Empria tridens,-,NHMSYS0020481117,-,new_species,
INSERT,NEW,-,Hawksbeard Mining Bee,-,Andrena fulvago,-,NHMSYS0000875208,-,new_species,
INSERT,NEW,-,Sandpit Mining Bee,-,Andrena barbilabris,-,NHMSYS0000875170,-,new_species,
INSERT,NEW,-,Heather (Girdled) Colletes,-,Colletes succinctus,-,NHMSYS0000875731,-,new_species,
INSERT,NEW,-,Tufted Furrow Bee,-,Lasioglossum nitidiusculum,-,NHMSYS0000876195,-,new_species,
INSERT,NEW,-,,-,Syrphoctonus tarsatorius,-,NBNSYS0000031409,-,new_species,
INSERT,NEW,-,,-,Andricus aries,-,NHMSYS0020470128,-,new_species,
INSERT,NEW,-,Birch Clubhorn,-,Cimbex femoratus,-,NHMSYS0020480904,-,new_species,
INSERT,NEW,-,Least Furrow Bee,-,Lasioglossum minutissimum,-,NHMSYS0000876191,-,new_species,
INSERT,NEW,-,Yellow-shouldered Nomad Bee,-,Nomada ferruginata,-,NHMSYS0000876418,-,new_species,
INSERT,NEW,-,,-,Evagetes crassicornis,-,NBNSYS0000009424,-,new_species,
INSERT,NEW,-,Bloomed Furrow Bee,-,Lasioglossum albipes,-,NHMSYS0000876168,-,new_species,
INSERT,NEW,-,Cryptic Bumblebee,-,Bombus cryptarum,-,NBNSYS0100002027,-,new_species,
INSERT,NEW,-,Purbeck Mason Wasp,-,Pseudepipona herrichii,-,NHMSYS0000876638,-,new_species,
INSERT,NEW,-,,-,Endromopoda detrita,-,NBNSYS0000031025,-,new_species,
INSERT,NEW,-,Blunthorn Nomad Bee,-,Nomada flavopicta,-,NHMSYS0000876421,-,new_species,
INSERT,NEW,-,,-,Lasius alienus,-,NHMSYS0000873235,-,new_species,
INSERT,NEW,-,,-,Caliadurgus fasciatellus,-,NBNSYS0000009399,-,new_species,
INSERT,NEW,-,Red Wood Ant,-,Formica rufa,-,NHMSYS0000875963,-,new_species,
INSERT,NEW,-,,-,Heterarthrus vagans,-,NHMSYS0020481250,-,new_species,
INSERT,NEW,-,,-,Rhopalum coarctatum,-,NHMSYS0000876656,-,new_species,
INSERT,NEW,-,,-,Agenioideus cinctellus,-,NBNSYS0000009414,-,new_species,
INSERT,NEW,-,Spiny Mason Wasp,-,Odynerus spinipes,-,NHMSYS0000876484,-,new_species,
INSERT,NEW,-,,-,Mimesa equestris,-,NBNSYS0100004083,-,new_species,
INSERT,NEW,-,,-,Blennocampa phyllocolpa,-,NBNSYS0100002013,-,new_species,
INSERT,NEW,-,,-,Dolerus nigratus,-,NBNSYS0000013342,-,new_species,
INSERT,NEW,-,Hairy-footed Flower Bee,-,Anthophora plumipes,-,NHMSYS0000875407,-,new_species,
INSERT,NEW,-,White-faced Mason Bee,-,Osmia (Osmia) cornuta,-,NHMSYS0021167227,-,new_species,
INSERT,NEW,-,White-jawed Yellow-face Bee,-,Hylaeus confusus,-,NHMSYS0000876100,-,new_species,
INSERT,NEW,-,,-,Crossocerus megacephalus,-,NHMSYS0000875792,-,new_species,
INSERT,NEW,-,White-zoned Furrow Bee,-,Lasioglossum leucozonium,-,NHMSYS0000876186,-,new_species,
INSERT,NEW,-,,-,Amblyteles armatorius,-,NBNSYS0000031641,-,new_species,
INSERT,NEW,-,,-,Alloxysta victrix,-,NBNSYS0000031952,-,new_species,
INSERT,NEW,-,Small Black Ant,-,Lasius niger,-,NHMSYS0000873237,-,new_species,
INSERT,NEW,-,Hairy Wood Ant,-,Formica lugubris,-,NHMSYS0000875958,-,new_species,
INSERT,NEW,-,,-,Scolioneura betuleti,-,NHMSYS0020482196,-,new_species,
INSERT,NEW,-,,-,Dryudella pinguis,-,NBNSYS0100002902,-,new_species,
INSERT,NEW,-,,-,Monosapyga clavicornis,-,NHMSYS0000876352,-,new_species,
INSERT,NEW,-,Banded Clubhorn,-,Abia fasciata,-,NHMSYS0021168645,-,new_species,
INSERT,NEW,-,Red-backed Mining Bee,-,Andrena similis,-,NHMSYS0000875273,-,new_species,
INSERT,NEW,-,,-,Perilissus variator,-,NHMSYS0000900804,-,new_species,
INSERT,NEW,-,,-,Dipogon subintermedius,-,NBNSYS0000009396,-,new_species,
INSERT,NEW,-,,-,Trypoxylon figulus,-,NHMSYS0000873271,-,new_species,
INSERT,NEW,-,Lathbury's Nomad Bee,-,Nomada lathburiana,-,NHMSYS0000876435,-,new_species,
INSERT,NEW,-,,-,Priocnemis hyalinata,-,NBNSYS0000009406,-,new_species,
INSERT,NEW,-,,-,Diplazon pectoratorius,-,NHMSYS0000898595,-,new_species,
INSERT,NEW,-,Welted Lesser Mason Bee,-,Hoplitis claviventris,-,NHMSYS0000876071,-,new_species,
INSERT,NEW,-,,-,Rhogogaster chlorosoma,-,NHMSYS0020482176,-,new_species,
INSERT,NEW,-,,-,Dolerus liogaster,-,NBNSYS0000013338,-,new_species,
INSERT,NEW,-,,-,Ancistrocerus oviventris,-,NBNSYS0000009451,-,new_species,
INSERT,NEW,-,Angled Stem-sawfly,-,Cephus spinipes,-,NHMSYS0020480896,-,new_species,
INSERT,NEW,-,Pallid Tigress,-,Athalia liberta,-,NBNSYS0000013362,-,new_species,
INSERT,NEW,-,Buffish Mining Bee,-,Andrena nigroaenea,-,NHMSYS0000875243,-,new_species,
INSERT,NEW,-,Reed Stem Borer,-,Calameuta filiformis,-,NBNSYS0000013258,-,new_species,
INSERT,NEW,-,,-,Chrysis viridula,-,NHMSYS0000875674,-,new_species,
INSERT,NEW,-,Oak Apple Gall Causer,-,Biorhiza pallida,-,NBNSYS0000031939,-,new_species,
INSERT,NEW,-,,-,Monophadnus pallescens,-,NHMSYS0020481413,-,new_species,
INSERT,NEW,-,,-,Cynips longiventris,-,NBNSYS0000031935,-,new_species,
INSERT,NEW,-,,-,Macrophya rufipes,-,NBNSYS0000013504,-,new_species,
INSERT,NEW,-,,-,Cladius compressicornis,-,NHMSYS0020920100,-,new_species,
INSERT,NEW,-,,-,Monsoma pulveratum,-,NHMSYS0020481421,-,new_species,
INSERT,NEW,-,Northern White-tailed Bumblebee,-,Bombus magnus,-,NBNSYS0000009837,-,new_species,
INSERT,NEW,-,,-,Dolerus cothurnatus,-,NBNSYS0000013331,-,new_species,
INSERT,NEW,-,Hairy Sand Wasp,-,Podalonia hirsuta,-,NHMSYS0000876592,-,new_species,
INSERT,NEW,-,Buff-tailed Bumblebee,-,Bombus terrestris,-,NHMSYS0000875595,-,new_species,
INSERT,NEW,-,Shaggy Furrow Bee,-,Lasioglossum villosulum,-,NHMSYS0000876215,-,new_species,
INSERT,NEW,-,,-,Stethomostus fuliginosus,-,NHMSYS0020482269,-,new_species,
INSERT,NEW,-,,-,Dolerus puncticollis,-,NBNSYS0000013347,-,new_species,
INSERT,NEW,-,,-,Lindenius albilabris,-,NHMSYS0000876241,-,new_species,
INSERT,NEW,-,Smooth-faced Furrow Bee,-,Lasioglossum fratellum,-,NHMSYS0000876178,-,new_species,
INSERT,NEW,-,,-,Myrmica sabuleti,-,NHMSYS0000876373,-,new_species,
INSERT,NEW,-,,-,Heterarthrus fiora,-,NHMSYS0021239673,-,new_species,
INSERT,NEW,-,,-,Temnothorax nylanderi,-,NHMSYS0000876743,-,new_species,
INSERT,NEW,-,,-,Dolerus ferrugatus,-,NBNSYS0000013332,-,new_species,
INSERT,NEW,-,Shuckard's Wasp,-,Pemphredon inornata,-,NHMSYS0000876562,-,new_species,
INSERT,NEW,-,Furry-bellied Blood Bee,-,Sphecodes hyalinatus,-,NHMSYS0000876683,-,new_species,
INSERT,NEW,-,,-,Dolichovespula saxonica,-,NHMSYS0000875848,-,new_species,
INSERT,NEW,-,Cherry Gall,-,Cynips quercusfolii,-,NBNSYS0000031936,-,new_species,
INSERT,NEW,-,Mournful Wasp,-,Pemphredon lugubris,-,NHMSYS0000876563,-,new_species,
INSERT,NEW,-,Slender Wood Borer Wasp,-,Trypoxylon attenuatum,-,NHMSYS0000876764,-,new_species,
INSERT,NEW,-,,-,Priocnemis schioedtei,-,NBNSYS0000009410,-,new_species,
INSERT,NEW,-,Ridge-cheeked Furrow Bee,-,Lasioglossum puncticolle,-,NHMSYS0000876203,-,new_species,
INSERT,NEW,-,,-,Rhogogaster scalaris,-,NBNSYS0100005132,-,new_species,
INSERT,NEW,-,,-,Spilomena troglodytes,-,NHMSYS0000876705,-,new_species,
INSERT,NEW,-,,-,Fenella nigrita,-,NHMSYS0020481187,-,new_species,
INSERT,NEW,-,,-,Tenthredopsis coquebertii,-,NHMSYS0020482478,-,new_species,
INSERT,NEW,-,Black Mining Bee,-,Andrena pilipes,-,NHMSYS0000875254,-,new_species,
INSERT,NEW,-,,-,Crossocerus tarsatus,-,NHMSYS0000875805,-,new_species,
INSERT,NEW,-,,-,Nesoselandria morio,-,NHMSYS0020973393,-,new_species,
INSERT,NEW,-,Flavous Nomad Bee,-,Nomada flava,-,NHMSYS0000876419,-,new_species,
INSERT,NEW,-,Western Honey Bee,-,Apis mellifera,-,NHMSYS0000875423,-,new_species,
INSERT,NEW,-,,-,Hedychrum niemelai,-,NHMSYS0000876047,-,new_species,
INSERT,NEW,-,,-,Hemichroa crocea,-,NHMSYS0020481233,-,new_species,
INSERT,NEW,-,Blunt Tailed Digger Wasp,-,Crossocerus dimidiatus,-,NHMSYS0000875783,-,new_species,
INSERT,NEW,-,Small Gorse Mining Bee,-,Andrena ovatula,-,NHMSYS0000875249,-,new_species,
INSERT,NEW,-,Ivy Bee,-,Colletes hederae,-,NBNSYS0100002538,-,new_species,
INSERT,NEW,-,Norwegian Wasp,-,Dolichovespula norwegica,-,NHMSYS0000875847,-,new_species,
INSERT,NEW,-,Common Pine Combhorn,-,Diprion pini,-,NHMSYS0020480993,-,new_species,
INSERT,NEW,-,,-,Diplolepis nervosa,-,NBNSYS0000031892,-,new_species,
INSERT,NEW,-,Artichoke Gall,-,Andricus foecundatrix,-,NHMSYS0021206456,-,new_species,
INSERT,NEW,-,Hairy Yellow-face,-,Hylaeus hyalinatus,-,NHMSYS0000876106,-,new_species,
INSERT,NEW,-,Wild Rose Fusehorn,-,Arge ochropus,-,NHMSYS0020480782,-,new_species,
INSERT,NEW,-,,-,Tenthredopsis litterata,-,NHMSYS0020482489,-,new_species,
INSERT,NEW,-,,-,Tenthredo livida,-,NBNSYS0000013475,-,new_species,
INSERT,NEW,-,Impunctate Mini-miner,-,Andrena subopaca,-,NHMSYS0000875279,-,new_species,
INSERT,NEW,-,Large Yellow-face Bee,-,Hylaeus signatus,-,NHMSYS0000876116,-,new_species,
INSERT,NEW,-,Dark Blood Bee,-,Sphecodes niger,-,NHMSYS0000876687,-,new_species,
INSERT,NEW,-,,-,Caliroa annulipes,-,NHMSYS0020480852,-,new_species,
INSERT,NEW,-,,-,Tenthredo amoena,-,NBNSYS0000013466,-,new_species,
INSERT,NEW,-,,-,Halidamia affinis,-,NHMSYS0020481224,-,new_species,
INSERT,NEW,-,,-,Crossocerus podagricus,-,NHMSYS0000875798,-,new_species,
INSERT,NEW,-,Heather Mining Bee,-,Andrena fuscipes,-,NHMSYS0000875212,-,new_species,
INSERT,NEW,-,Reticulate Blood Bee,-,Sphecodes reticulatus,-,NHMSYS0000876692,-,new_species,
INSERT,NEW,-,,-,Hoplocampa pectoralis,-,NHMSYS0020481265,-,new_species,
INSERT,NEW,-,Squat Furrow Bee,-,Lasioglossum pauperatum,-,NHMSYS0000876199,-,new_species,
INSERT,NEW,-,Coast Leafcutter Bee,-,Megachile maritima,-,NHMSYS0000876301,-,new_species,
INSERT,NEW,-,Grey-gastered Mining Bee,-,Andrena tibialis,-,NHMSYS0000875283,-,new_species,
INSERT,NEW,-,,-,Caliroa cerasi,-,NHMSYS0020480853,-,new_species,
INSERT,NEW,-,Scarce Scabious Clubhorn,-,Abia candens,-,NHMSYS0020480646,-,new_species,
INSERT,NEW,-,Mud Wasp,-,Podalonia affinis,-,NHMSYS0000876591,-,new_species,
INSERT,NEW,-,Large Meadow Mining Bee,-,Andrena labialis,-,NHMSYS0000875221,-,new_species,
INSERT,NEW,-,,-,Myrmica ruginodis,-,NHMSYS0000876371,-,new_species,
INSERT,NEW,-,,-,Crossocerus ovalis,-,NHMSYS0000875794,-,new_species,
INSERT,NEW,-,Small Flecked Mining Bee,-,Andrena coitana,-,NHMSYS0000875181,-,new_species,
INSERT,NEW,-,,-,Psenulus concolor,-,NHMSYS0000876634,-,new_species,
INSERT,NEW,-,,-,Anteon pubicorne,-,NHMSYS0000875365,-,new_species,
INSERT,NEW,-,,-,Ectemnius lituratus,-,NHMSYS0000875887,-,new_species,
INSERT,NEW,-,Large Velvet Ant,-,Mutilla europaea,-,NHMSYS0000876354,-,new_species,
INSERT,NEW,-,Cliff Mason Bee,-,Osmia xanthomelana,-,NHMSYS0000876520,-,new_species,
INSERT,NEW,-,Small Spurred Digger Wasp,-,Nysson dimidiatus,-,NHMSYS0000876469,-,new_species,
INSERT,NEW,-,,-,Pseudomalus auratus,-,NBNSYS0100004922,-,new_species,
INSERT,NEW,-,Ornate Tailed Digger Wasp,-,Cerceris rybyensis,-,NHMSYS0000875634,-,new_species,
INSERT,NEW,-,,-,Eriocampa ovata,-,NHMSYS0020481132,-,new_species,
INSERT,NEW,-,,-,Macrophya annulata,-,NBNSYS0000013498,-,new_species,
INSERT,NEW,-,,-,Euura kirbyi,-,NHMSYS0021240248,-,new_species,
INSERT,NEW,-,Silvery Leafcutter Bee,-,Megachile leachella,-,NHMSYS0020977399,-,new_species,
INSERT,NEW,-,Blunt-jawed Nomad Bee,-,Nomada striata,-,NHMSYS0000876460,-,new_species,
INSERT,NEW,-,Painted Mining Bee,-,Andrena fucata,-,NHMSYS0000875206,-,new_species,
INSERT,NEW,-,Vestal Cuckoo Bee,-,Bombus vestalis,-,NBNSYS0100002030,-,new_species,
INSERT,NEW,-,,-,Birka cinereipes,-,NHMSYS0020480815,-,new_species,
INSERT,NEW,-,,-,Euura myosotidis,-,NHMSYS0021240353,-,new_species,
INSERT,NEW,-,Oyster Gall,-,Neuroterus anthracinus,-,NHMSYS0021206577,-,new_species,
INSERT,NEW,-,Gypsy Cuckoo Bee,-,Bombus bohemicus,-,NBNSYS0100002025,-,new_species,
INSERT,NEW,-,Short-horned Yellow-face Bee,-,Hylaeus brevicornis,-,NHMSYS0000876098,-,new_species,
INSERT,NEW,-,Bull-headed Furrow Bee,-,Lasioglossum zonulum,-,NHMSYS0000876218,-,new_species,
INSERT,NEW,-,,-,Passaloecus singularis,-,NHMSYS0000876544,-,new_species,
INSERT,NEW,-,Bilberry Mining Bee,-,Andrena lapponica,-,NHMSYS0000875224,-,new_species,
INSERT,NEW,-,,-,Dolichovespula media,-,NHMSYS0000875846,-,new_species,
INSERT,NEW,-,Pale-legged Stem-sawfly,-,Calameuta pallipes,-,NBNSYS0000013259,-,new_species,
INSERT,NEW,-,,-,Gasteruption jaculator,-,NHMSYS0020705037,-,new_species,
INSERT,NEW,-,Dusky Ant,-,Formica fusca,-,NHMSYS0000875954,-,new_species,
INSERT,NEW,-,,-,Aglaostigma aucupariae,-,NHMSYS0020480658,-,new_species,
INSERT,NEW,-,Fen Mason-wasp,-,Odynerus simillimus,-,NHMSYS0000876483,-,new_species,
INSERT,NEW,-,Narrow-headed Ant,-,Formica exsecta,-,NHMSYS0000875953,-,new_species,
INSERT,NEW,-,Red-tailed Blood Bee,-,Sphecodes rubicundus,-,NBNSYS0000009742,-,new_species,
INSERT,NEW,-,Violet Carpenter Bee,-,Xylocopa violacea,-,NHMSYS0000876788,-,new_species,
INSERT,NEW,-,,-,Anacharis eucharoides,-,NHMSYS0021237030,-,new_species,
INSERT,NEW,-,Club Horned Wood Borer Wasp,-,Trypoxylon clavicerum,-,NHMSYS0000876765,-,new_species,
INSERT,NEW,-,,-,Phanacis hypochoeridis,-,NBNSYS0000031851,-,new_species,
INSERT,NEW,-,Large Sallow Mining Bee,-,Andrena apicata,-,NHMSYS0000875162,-,new_species,
INSERT,NEW,-,,-,Priocnemis fennica,-,NBNSYS0000009404,-,new_species,
INSERT,NEW,-,Social Pear Spinner,-,Neurotoma saltuum,-,NHMSYS0020481709,-,new_species,
INSERT,NEW,-,,-,Ancistrocerus parietum,-,NHMSYS0000875050,-,new_species,
INSERT,NEW,-,,-,Euura leucosticta,-,NHMSYS0021240283,-,new_species,
INSERT,NEW,-,Bronze Fusehorn,-,Arge ustulata,-,NHMSYS0020480787,-,new_species,
INSERT,NEW,-,,-,Arachnospila trivialis,-,NBNSYS0000009418,-,new_species,
INSERT,NEW,-,Painted Nomad Bee,-,Nomada fucata,-,NHMSYS0000876422,-,new_species,
INSERT,NEW,-,Marsham's Nomad Bee,-,Nomada marshamella,-,NHMSYS0000876438,-,new_species,
INSERT,NEW,-,,-,Dolerus aericeps,-,NHMSYS0020481042,-,new_species,
INSERT,NEW,-,Red-girdled Mining Bee,-,Andrena labiata,-,NHMSYS0000875222,-,new_species,
INSERT,NEW,-,,-,Fenusella nana,-,NHMSYS0020481211,-,new_species,
INSERT,NEW,-,,-,Symmorphus gracilis,-,NHMSYS0000876725,-,new_species,
INSERT,NEW,-,Orange-footed Furrow Bee,-,Lasioglossum xanthopus,-,NHMSYS0000876217,-,new_species,
INSERT,NEW,-,Chocolate Mining Bee,-,Andrena scotica,-,NHMSYS0000875268,-,new_species,
INSERT,NEW,-,Red-thighed Epeolus,-,Epeolus cruciger,-,NHMSYS0000875908,-,new_species,
INSERT,NEW,-,Scottish Wood Ant,-,Formica aquilonia,-,NHMSYS0000875949,-,new_species,
INSERT,NEW,-,Wall Mason Wasp,-,Ancistrocerus parietinus,-,NHMSYS0000875049,-,new_species,
INSERT,NEW,-,,-,Cerceris ruficornis,-,NHMSYS0000875633,-,new_species,
INSERT,NEW,-,Raspberry Fusehorn,-,Arge gracilicornis,-,NHMSYS0020480776,-,new_species,
INSERT,NEW,-,,-,Fenusa pumila,-,NHMSYS0020481201,-,new_species,
INSERT,NEW,-,,-,Ancistrocerus nigricornis,-,NHMSYS0000875046,-,new_species,
INSERT,NEW,-,,-,Chrysis impressa,-,NHMSYS0000875663,-,new_species,
INSERT,NEW,-,,-,Pristiphora pallidiventris,-,NBNSYS0000013568,-,new_species,
INSERT,NEW,-,,-,Dolerus madidus,-,NBNSYS0000013339,-,new_species,
INSERT,NEW,-,Early Colletes,-,Colletes cunicularius,-,NHMSYS0000875722,-,new_species,
INSERT,NEW,-,Groove-faced Mining Bee,-,Andrena angustior,-,NHMSYS0000875161,-,new_species,
INSERT,NEW,-,Red Mason Bee,-,Osmia bicornis,-,NHMSYS0000876509,-,new_species,
INSERT,NEW,-,Tawny Mining Bee,-,Andrena fulva,-,NHMSYS0000875207,-,new_species,
INSERT,NEW,-,,-,Diplazon laetatorius,-,NBNSYS0000031427,-,new_species,
INSERT,NEW,-,Patchwork Leafcutter Bee,-,Megachile centuncularis,-,NHMSYS0000876295,-,new_species,
INSERT,NEW,-,Margined Colletes,-,Colletes marginatus,-,NHMSYS0000875727,-,new_species,
INSERT,NEW,-,White-footed Furrow Bee,-,Lasioglossum leucopus,-,NBNSYS0100003669,-,new_species,
INSERT,NEW,-,Slave-making Ant,-,Formica sanguinea,-,NHMSYS0000875966,-,new_species,
INSERT,NEW,-,,-,Dolerus picipes,-,NBNSYS0000013344,-,new_species,
INSERT,NEW,-,Sharp-collared Furrow Bee,-,Lasioglossum malachurum,-,NBNSYS0100003670,-,new_species,
INSERT,NEW,-,,-,Allantus calceatus,-,NHMSYS0020480664,-,new_species,
INSERT,NEW,-,Common Furrow Bee,-,Lasioglossum calceatum,-,NHMSYS0000876174,-,new_species,
INSERT,NEW,-,Pantaloon Bee,-,Dasypoda hirtipes,-,NHMSYS0000875818,-,new_species,
INSERT,NEW,-,Hawthorn Mining Bee,-,Andrena chrysosceles,-,NHMSYS0000875176,-,new_species,
INSERT,NEW,-,,-,Stromboceros delicatulus,-,NHMSYS0020482273,-,new_species,
INSERT,NEW,-,Pale Footed Black Wasp,-,Psenulus pallipes,-,NBNSYS0000009538,-,new_species,
INSERT,NEW,-,Short-haired Bumblebee,-,Bombus subterraneus,-,NHMSYS0000875592,-,new_species,
INSERT,NEW,-,Common Yellow-face Bee,-,Hylaeus communis,-,NHMSYS0000876099,-,new_species,
INSERT,NEW,-,Northern Colletes,-,Colletes floralis,-,NHMSYS0000875724,-,new_species,
INSERT,NEW,-,,-,Stigmus solskyi,-,NHMSYS0000876717,-,new_species,
INSERT,NEW,-,Fork-jawed Nomad Bee,-,Nomada ruficornis,-,NHMSYS0000876447,-,new_species,
INSERT,NEW,-,,-,Bethylus fuscicornis,-,NHMSYS0000875461,-,new_species,
INSERT,NEW,-,Brown Tree Ant,-,Lasius brunneus,-,NHMSYS0000876221,-,new_species,
INSERT,NEW,-,,-,Myrmica specioides,-,NHMSYS0000876376,-,new_species,
INSERT,NEW,-,,-,Crossocerus varus,-,NBNSYS0000145291,-,new_species,
INSERT,NEW,-,Ringed Tigress,-,Athalia circularis,-,NHMSYS0020480798,-,new_species,
INSERT,NEW,-,Solomon's-seal Sawfly,-,Phymatocera aterrima,-,NBNSYS0100004626,-,new_species,
INSERT,NEW,-,Coppice Mining Bee,-,Andrena helvola,-,NHMSYS0000875217,-,new_species,
INSERT,NEW,-,Field Cuckoo Bee,-,Bombus campestris,-,NHMSYS0000875546,-,new_species,
INSERT,NEW,-,,-,Temnothorax albipennis,-,NHMSYS0000876741,-,new_species,
INSERT,NEW,-,,-,Fenusa ulmi,-,NHMSYS0020481207,-,new_species,
INSERT,NEW,-,,-,Hemichroa australis,-,NHMSYS0020481232,-,new_species,
INSERT,NEW,-,Geoffroy's Blood Bee,-,Sphecodes geoffrellus,-,NBNSYS0100005568,-,new_species,
INSERT,NEW,-,,-,Macrophya duodecimpunctata,-,NBNSYS0000013500,-,new_species,
INSERT,NEW,-,,-,Pteromalus puparum,-,NBNSYS0000032388,-,new_species,
INSERT,NEW,-,Yellow-legged Furrow Bee,-,Halictus rubicundus,-,NHMSYS0000876030,-,new_species,
INSERT,NEW,-,Sand Tailed Digger Wasp,-,Cerceris arenaria,-,NHMSYS0000875625,-,new_species,
INSERT,NEW,-,,-,Aclastus gracilis,-,NHMSYS0000897337,-,new_species,
INSERT,NEW,-,,-,Tenthredo atra,-,NBNSYS0000013468,-,new_species,
INSERT,NEW,-,,-,Metallus lanceolatus,-,NHMSYS0020705101,-,new_species,
INSERT,NEW,-,Broad-banded Nomad Bee,-,Nomada signata,-,NHMSYS0000876456,-,new_species,
INSERT,NEW,-,,-,Strongylogaster multifasciata,-,NHMSYS0020482284,-,new_species,
INSERT,NEW,-,Square-headed Blood Bee,-,Sphecodes monilicornis,-,NHMSYS0000876686,-,new_species,
INSERT,NEW,-,Slender Ant,-,Leptothorax acervorum,-,NHMSYS0000876230,-,new_species,
INSERT,NEW,-,Marble Gall,-,Andricus kollari,-,NBNSYS0000031917,-,new_species,
INSERT,NEW,-,Furry-claspered Furrow Bee,-,Lasioglossum lativentre,-,NBNSYS0100003668,-,new_species,
INSERT,NEW,-,,-,Chrysis illigeri,-,NHMSYS0000875662,-,new_species,
INSERT,NEW,-,Plain Dark Bee,-,Stelis phaeoptera,-,NHMSYS0000876712,-,new_species,
INSERT,NEW,-,,-,Tachysphex unicolor,-,NHMSYS0000873269,-,new_species,
INSERT,NEW,-,Little Black Wasp,-,Pemphredon lethifer,-,NHMSYS0021236761,-,new_species,
INSERT,NEW,-,,-,Lasius platythorax,-,NBNSYS0100003683,-,new_species,
INSERT,NEW,-,,-,Crossocerus distinguendus,-,NHMSYS0000875784,-,new_species,
INSERT,NEW,-,Common Mourning Bee,-,Melecta albifrons,-,NHMSYS0000876305,-,new_species,
INSERT,NEW,-,,-,Aglaostigma fulvipes,-,NHMSYS0020480659,-,new_species,
INSERT,NEW,-,,-,Tenthredo temula,-,NHMSYS0021230102,-,new_species,
INSERT,NEW,-,,-,Crossocerus annulipes,-,NHMSYS0000875774,-,new_species,
INSERT,NEW,-,Wool Carder Bee,-,Anthidium manicatum,-,NHMSYS0000875389,-,new_species,
INSERT,NEW,-,Dull-vented Sharp-tail Bee,-,Coelioxys elongata,-,NHMSYS0000875700,-,new_species,
INSERT,NEW,-,Smooth Spangle Gall,-,Neuroterus albipes,-,NBNSYS0000031899,-,new_species,
INSERT,NEW,-,,-,Diplazon tetragonus,-,NHMSYS0000898597,-,new_species,
INSERT,NEW,-,,-,Tymmophorus obscuripes,-,NHMSYS0000902014,-,new_species,
INSERT,NEW,-,Grass Ant,-,Myrmecina graminicola,-,NHMSYS0000876357,-,new_species,
INSERT,NEW,-,Alder Wood-Wasp,-,Xiphydria camelus,-,NBNSYS0000013234,-,new_species,
INSERT,NEW,-,,-,Tenthredo schaefferi,-,NBNSYS0000013486,-,new_species,
INSERT,NEW,-,Orange-vented Mason Bee,-,Osmia leaiana,-,NHMSYS0000876513,-,new_species,
INSERT,NEW,-,Large Scabious Mining Bee,-,Andrena hattorfiana,-,NHMSYS0000875216,-,new_species,
INSERT,NEW,-,,-,Arachnospila minutula,-,NHMSYS0000875439,-,new_species,
INSERT,NEW,-,,-,Formica cunicularia,-,NHMSYS0000875952,-,new_species,
INSERT,NEW,-,Field Digger Wasp,-,Argogorytes mystaceus,-,NHMSYS0000875446,-,new_species,
INSERT,NEW,-,,-,Rhadinoceraea micans,-,NHMSYS0020482173,-,new_species,
INSERT,NEW,-,Zig-zag Elm Sawfly,-,Aproceros leucopoda,-,NHMSYS0021196949,-,new_species,
INSERT,NEW,-,,-,Dolerus gonager,-,NBNSYS0000013335,-,new_species,
INSERT,NEW,-,Catsear Nomad Bee,-,Nomada integra,-,NHMSYS0000876432,-,new_species,
INSERT,NEW,-,Red-backed Furrow Bee,-,Lasioglossum laevigatum,-,NHMSYS0000876184,-,new_species,
INSERT,NEW,-,Lobe-spurred Furrow Bee,-,Lasioglossum pauxillum,-,NHMSYS0000876200,-,new_species,
INSERT,NEW,-,Bear-clawed Nomad Bee,-,Nomada baccata,-,NHMSYS0000876403,-,new_species,
INSERT,NEW,-,,-,Passaloecus insignis,-,NHMSYS0000876541,-,new_species,
INSERT,NEW,-,Common Spangle Gall,-,Neuroterus quercusbaccarum,-,NBNSYS0000031903,-,new_species,
INSERT,NEW,-,,-,Ichneumon sarcitorius,-,NBNSYS0000031589,-,new_species,
INSERT,NEW,-,Wheat Stem Borer,-,Cephus pygmeus,-,NBNSYS0000013255,-,new_species,
INSERT,NEW,-,Shining Guest Ant,-,Formicoxenus nitidulus,-,NHMSYS0000875971,-,new_species,
INSERT,NEW,-,,-,Aphidius ervi,-,NBNSYS0000031824,-,new_species,
INSERT,NEW,-,,-,Trypoxylon medium,-,NHMSYS0000876766,-,new_species,
INSERT,NEW,-,Hornet,-,Vespa crabro,-,NHMSYS0000876769,-,new_species,
INSERT,NEW,-,Large Garden Bumblebee,-,Bombus ruderatus,-,NHMSYS0000875583,-,new_species,
INSERT,NEW,-,Spined Mason Bee,-,Osmia spinulosa,-,NHMSYS0020774747,-,new_species,
INSERT,NEW,-,Carrot Mining Bee,-,Andrena nitidiuscula,-,NBNSYS0100001525,-,new_species,
INSERT,NEW,-,German Wasp,-,Vespula germanica,-,NHMSYS0000876781,-,new_species,
INSERT,NEW,-,White-tailed Bumblebee,-,Bombus lucorum,-,NHMSYS0000875570,-,new_species,
INSERT,NEW,-,4-Banded Digger Wasp,-,Gorytes quadrifasciatus,-,NHMSYS0000876006,-,new_species,
INSERT,NEW,-,,-,Bathythrix pellucidator,-,NHMSYS0000897863,-,new_species,
INSERT,NEW,-,Turf Ant,-,Tetramorium caespitum,-,NHMSYS0000876751,-,new_species,
INSERT,NEW,-,Black-banded Spider Wasp,-,Anoplius viaticus,-,NBNSYS0000009431,-,new_species,
INSERT,NEW,-,,-,Ectemnius continuus,-,NBNSYS0000009513,-,new_species,
INSERT,NEW,-,,-,Arachnospila anceps,-,NBNSYS0000009416,-,new_species,
INSERT,NEW,-,Narrow-barred Fusehorn,-,Arge melanochra,-,NHMSYS0020480777,-,new_species,
INSERT,NEW,-,,-,Empria liturata,-,NHMSYS0020481108,-,new_species,
INSERT,NEW,-,,-,Myrmica lobicornis,-,NHMSYS0000876365,-,new_species,
INSERT,NEW,-,,-,Macrophya montana,-,NBNSYS0000013501,-,new_species,
INSERT,NEW,-,,-,Aphidius avenae,-,NBNSYS0000141963,-,new_species,
INSERT,NEW,-,,-,Myrmica scabrinodis,-,NHMSYS0000876374,-,new_species,
INSERT,NEW,-,,-,Gorytes laticinctus,-,NHMSYS0000876005,-,new_species,
INSERT,NEW,-,,-,Phaneroserphus calcar,-,NHMSYS0021118500,-,new_species,
INSERT,NEW,-,Bryony Mining Bee,-,Andrena florea,-,NHMSYS0000875203,-,new_species,
INSERT,NEW,-,,-,Myrmica schencki,-,NHMSYS0000876375,-,new_species,
INSERT,NEW,-,Spined Hylaeus,-,Hylaeus cornutus,-,NHMSYS0000876101,-,new_species,
INSERT,NEW,-,Alder Clubhorn,-,Cimbex connatus,-,NHMSYS0020480901,-,new_species,
INSERT,NEW,-,,-,Ectemnius lapidarius,-,NHMSYS0000875885,-,new_species,
INSERT,NEW,-,Spotted Dark Bee,-,Stelis ornatula,-,NHMSYS0000876711,-,new_species,
INSERT,NEW,-,Large Gorse Mining Bee,-,Andrena bimaculata,-,NHMSYS0000875172,-,new_species,
INSERT,NEW,-,Cola-Nut Gall,-,Andricus lignicola,-,NBNSYS0000031918,-,new_species,
INSERT,NEW,-,,-,Gymnomerus laevipes,-,NBNSYS0000009446,-,new_species,
INSERT,NEW,-,Silk-Button Spangle Gall,-,Neuroterus numismalis,-,NBNSYS0000031901,-,new_species,
INSERT,NEW,-,,-,Dolerus aeneus,-,NBNSYS0000013324,-,new_species,
INSERT,NEW,-,,-,Pimpla turionellae,-,NBNSYS0000031089,-,new_species,
INSERT,NEW,-,,-,Euura clitellata,-,NHMSYS0021240113,-,new_species,
INSERT,NEW,-,,-,Diastrophus rubi,-,NHMSYS0020470294,-,new_species,
INSERT,NEW,-,,-,Andricus curvator,-,NBNSYS0000031912,-,new_species,
INSERT,NEW,-,Wall Mason Bee,-,Osmia parietina,-,NHMSYS0000876516,-,new_species,
INSERT,NEW,-,,-,Pimpla flavicoxis,-,NBNSYS0000031084,-,new_species,
INSERT,NEW,-,,-,Tenthredopsis nassata,-,NHMSYS0020482492,-,new_species,
INSERT,NEW,-,Trimmer's Mining Bee,-,Andrena trimmerana,-,NHMSYS0000875285,-,new_species,
INSERT,NEW,-,Large Sharp-tail Bee,-,Coelioxys conoidea,-,NBNSYS0000144805,-,new_species,
INSERT,NEW,-,,-,Eutomostethus luteiventris,-,NHMSYS0020481159,-,new_species,
INSERT,NEW,-,Wilke's Mining Bee,-,Andrena wilkella,-,NHMSYS0000875290,-,new_species,
INSERT,NEW,-,Red-tailed (Hill) Cuckoo Bee,-,Bombus rupestris,-,NBNSYS0100002028,-,new_species,
INSERT,NEW,-,Common Rose Fusehorn,-,Arge pagana,-,NHMSYS0020480783,-,new_species,
INSERT,NEW,-,,-,Empria pallimacula,-,NHMSYS0020481111,-,new_species,
INSERT,NEW,-,,-,Ametastegia glabrata,-,NBNSYS0000013384,-,new_species,
INSERT,NEW,-,,-,Pristiphora appendiculata,-,NHMSYS0020920261,-,new_species,
INSERT,NEW,-,,-,Anoplius infuscatus,-,NHMSYS0000875307,-,new_species,
INSERT,NEW,-,Bellflower Blunthorn Bee,-,Melitta haemorrhoidalis,-,NHMSYS0000876312,-,new_species,
INSERT,NEW,-,,-,Euura ribesii,-,NHMSYS0021240468,-,new_species,
INSERT,NEW,-,,-,Euura proxima,-,NHMSYS0021240443,-,new_species,
INSERT,NEW,-,Reed Yellow-face Bee,-,Hylaeus pectoralis,-,NHMSYS0000876110,-,new_species,
INSERT,NEW,-,,-,Tenthredo ferruginea,-,NBNSYS0000013474,-,new_species,
INSERT,NEW,-,Blackthorn Mining Bee,-,Andrena varians,-,NHMSYS0000875287,-,new_species,
INSERT,NEW,-,,-,Hedychridium ardens,-,NHMSYS0000876040,-,new_species,
INSERT,NEW,-,,-,Priocnemis susterai,-,NBNSYS0000009412,-,new_species,
INSERT,NEW,-,,-,Crossocerus cetratus,-,NHMSYS0000875780,-,new_species,
INSERT,NEW,-,Tree Wasp,-,Dolichovespula sylvestris,-,NHMSYS0000875849,-,new_species,
INSERT,NEW,-,,-,Ancistrocerus gazella,-,NHMSYS0000875045,-,new_species,
INSERT,NEW,-,,-,Lasius psammophilus,-,NBNSYS0100003684,-,new_species,
INSERT,NEW,-,Clarke's Mining Bee,-,Andrena clarkella,-,NHMSYS0000875179,-,new_species,
INSERT,NEW,-,Black-headed Mining Bee,-,Andrena nigriceps,-,NHMSYS0000875241,-,new_species,
INSERT,NEW,-,Scabious Clubhorn,-,Abia nitens,-,NHMSYS0021611094,-,new_species,
INSERT,NEW,-,Tree Bumblebee,-,Bombus hypnorum,-,NHMSYS0000875564,-,new_species,
INSERT,NEW,-,Alfken's Mini-miner,-,Andrena alfkenella,-,NHMSYS0000875157,-,new_species,
INSERT,NEW,-,Gooden's Nomad Bee,-,Nomada goodeniana,-,NHMSYS0000876427,-,new_species,
INSERT,NEW,-,Wesmael's Digger Wasp,-,Crossocerus wesmaeli,-,NHMSYS0000875811,-,new_species,
INSERT,NEW,-,,-,Cratichneumon culex,-,NHMSYS0000898219,-,new_species,
INSERT,NEW,-,Field Digger Wasp,-,Mellinus arvensis,-,NHMSYS0000876318,-,new_species,
INSERT,NEW,-,Broad-barred Fusehorn,-,Arge cyanocrocea,-,NHMSYS0020480770,-,new_species,
INSERT,NEW,-,,-,Euura oligospila,-,NHMSYS0021474013,-,new_species,
INSERT,NEW,-,,-,Rhogogaster punctulata,-,NHMSYS0020482179,-,new_species,
INSERT,NEW,-,,-,Ceropales maculata,-,NHMSYS0000875637,-,new_species,
INSERT,NEW,-,White-bellied Mining Bee,-,Andrena gravida,-,NHMSYS0000875213,-,new_species,
INSERT,NEW,-,Red Currant Gall,-,Cynips divisa,-,NBNSYS0000031934,-,new_species,
INSERT,NEW,-,Dark-winged Blood Bee,-,Sphecodes gibbus,-,NHMSYS0000876682,-,new_species,
INSERT,NEW,-,Shrill Carder Bee,-,Bombus sylvarum,-,NHMSYS0000875593,-,new_species,
INSERT,NEW,-,,-,Bethylus cephalotes,-,NHMSYS0000875458,-,new_species,
INSERT,NEW,-,Red Legged Spider Wasp,-,Episyron rufipes,-,NHMSYS0000875915,-,new_species,
INSERT,NEW,-,,-,Euura viridis,-,NHMSYS0021240578,-,new_species,
INSERT,NEW,-,Large Scissor Bee (Sleepy Carpenter Bee),-,Chelostoma florisomne,-,NHMSYS0000875649,-,new_species,
INSERT,NEW,-,Small Garden Bumblebee,-,Bombus hortorum,-,NHMSYS0000875562,-,new_species,
INSERT,NEW,-,,-,Andricus quercuscorticis,-,NBNSYS0000031923,-,new_species,
INSERT,NEW,-,,-,Rhopalum clavipes,-,NHMSYS0000876655,-,new_species,
INSERT,NEW,-,,-,Rhyssa persuasoria,-,NBNSYS0000031108,-,new_species,
INSERT,NEW,-,Clover Blunthorn Bee,-,Melitta leporina,-,NHMSYS0000876313,-,new_species,
INSERT,NEW,-,,-,Arachnospila spissa,-,NHMSYS0000875440,-,new_species,
INSERT,NEW,-,,-,Cladius pectinicornis,-,NBNSYS0000013506,-,new_species,
INSERT,NEW,-,Small Scabious Mining Bee,-,Andrena marginata,-,NHMSYS0000875232,-,new_species,
INSERT,NEW,-,,-,Pachyprotasis rapae,-,NHMSYS0020481751,-,new_species,
INSERT,NEW,-,Green Furrow Bee,-,Lasioglossum morio,-,NHMSYS0000876193,-,new_species,
INSERT,NEW,-,Big-headed Mining Bee,-,Andrena bucephala,-,NHMSYS0000875173,-,new_species,
INSERT,NEW,-,Jet Ant,-,Lasius fuliginosus,-,NHMSYS0000876224,-,new_species,
INSERT,NEW,-,Horned Black Wasp,-,Passaloecus corniger,-,NHMSYS0000876536,-,new_species,
INSERT,NEW,-,,-,Aneugmenus padi,-,NHMSYS0020480746,-,new_species,
INSERT,NEW,-,Cliff Mining Bee,-,Andrena thoracica,-,NHMSYS0000875282,-,new_species,
INSERT,NEW,-,,-,Dolerus fumosus,-,NHMSYS0020920123,-,new_species,
INSERT,NEW,-,Heath Potter Wasp,-,Eumenes coarctatus,-,NHMSYS0000875934,-,new_species,
INSERT,NEW,-,,-,Eutomostethus ephippium,-,NHMSYS0020481157,-,new_species,
INSERT,NEW,-,Sandpit Blood Bee,-,Sphecodes pellucidus,-,NHMSYS0000876688,-,new_species,
INSERT,NEW,-,Black Rose Fusehorn,-,Arge nigripes,-,NHMSYS0020480780,-,new_species,
INSERT,NEW,-,,-,Heterarthrus microcephalus,-,NHMSYS0020481247,-,new_species,
INSERT,NEW,-,,-,Euura viminalis,-,NHMSYS0021240573,-,new_species,
INSERT,NEW,-,,-,Macrophya ribis,-,NBNSYS0000013503,-,new_species,
INSERT,NEW,-,,-,Priocnemis exaltata,-,NBNSYS0000009403,-,new_species,
INSERT,NEW,-,Blue Mason Bee,-,Osmia caerulescens,-,NBNSYS0100004362,-,new_species,
INSERT,NEW,-,Hairy-saddled Colletes,-,Colletes fodiens,-,NHMSYS0000875725,-,new_species,
INSERT,NEW,-,Bugle Tigress,-,Athalia cordata,-,NHMSYS0020480799,-,new_species,
INSERT,NEW,-,,-,Pimpla rufipes,-,NHMSYS0000901044,-,new_species,
INSERT,NEW,-,,-,Diplolepis spinosissimae,-,NBNSYS0000031894,-,new_species,
INSERT,NEW,-,Common Spiny Digger Wasp,-,Oxybelus uniglumis,-,NHMSYS0000876526,-,new_species,
INSERT,NEW,-,,-,Passaloecus gracilis,-,NHMSYS0000876539,-,new_species,
INSERT,NEW,-,Short-fringed Mining Bee,-,Andrena dorsata,-,NHMSYS0000875195,-,new_species,
INSERT,NEW,-,Small Velvet Ant,-,Smicromyrme rufipes,-,NBNSYS0100005540,-,new_species,
INSERT,NEW,-,Early Bumblebee,-,Bombus pratorum,-,NHMSYS0000875578,-,new_species,
INSERT,NEW,-,Common Carder Bee,-,Bombus pascuorum,-,NHMSYS0000875576,-,new_species,
INSERT,NEW,-,Greater Horntail Wasp,-,Urocerus gigas,-,NBNSYS0000013240,-,new_species,
INSERT,NEW,-,Bare-saddled Colletes,-,Colletes similis,-,NHMSYS0000875730,-,new_species,
INSERT,NEW,-,Long-horned Bee,-,Eucera longicornis,-,NHMSYS0000875930,-,new_species,
INSERT,NEW,-,,-,Arachnospila wesmaeli,-,NBNSYS0000009419,-,new_species,
INSERT,NEW,-,,-,Ichneumon stramentor,-,NHMSYS0000899757,-,new_species,
INSERT,NEW,-,Barbut's Cuckoo Bee,-,Bombus barbutellus,-,NBNSYS0100002024,-,new_species,
INSERT,NEW,-,Fork-tailed Flower Bee,-,Anthophora furcata,-,NHMSYS0000875403,-,new_species,
INSERT,NEW,-,,-,Ametastegia tenera,-,NHMSYS0020920033,-,new_species,
INSERT,NEW,-,Moss Carder Bee,-,Bombus muscorum,-,NHMSYS0000875572,-,new_species,
INSERT,NEW,-,,-,Chrysis ignita,-,NHMSYS0000875661,-,new_species,
INSERT,NEW,-,,-,Diodontus luperus,-,NHMSYS0000875829,-,new_species,
INSERT,NEW,-,Leaden Spider Wasp,-,Pompilus cinereus,-,NBNSYS0000009413,-,new_species,
INSERT,NEW,-,,-,Lestiphorus bicinctus,-,NHMSYS0000876239,-,new_species,
INSERT,NEW,-,,-,Synergus albipes,-,NBNSYS0000031873,-,new_species,
INSERT,NEW,-,Long-faced Furrow Bee,-,Lasioglossum punctatissimum,-,NHMSYS0000876202,-,new_species,
INSERT,NEW,-,Five-banded Weevil-wasp,-,Cerceris quinquefasciata,-,NHMSYS0000875632,-,new_species,
INSERT,NEW,-,Four-banded Flower Bee,-,Anthophora quadrimaculata,-,NHMSYS0000875408,-,new_species,
INSERT,NEW,-,,-,Elampus panzeri,-,NHMSYS0000875899,-,new_species,
INSERT,NEW,-,Slender Bodied Digger Wasp,-,Crabro cribrarius,-,NHMSYS0000875733,-,new_species,
INSERT,NEW,-,,-,Ancistrocerus scoticus,-,NHMSYS0000875053,-,new_species,
INSERT,NEW,-,Shiny-margined Mini-miner,-,Andrena semilaevis,-,NHMSYS0000875269,-,new_species,
INSERT,NEW,-,Chalk Furrow Bee,-,Lasioglossum fulvicorne,-,NHMSYS0000876180,-,new_species,
INSERT,NEW,-,,-,Hedychridium cupreum,-,NHMSYS0000876042,-,new_species,
INSERT,NEW,-,,-,Symmorphus bifasciatus,-,NBNSYS0100005641,-,new_species,
INSERT,NEW,-,,-,Methocha articulata,-,NHMSYS0000876326,-,new_species,
INSERT,NEW,-,Banded Dark Bee,-,Stelis punctulatissima,-,NHMSYS0000876713,-,new_species,
INSERT,NEW,-,,-,Sussaba flavipes,-,NHMSYS0000901642,-,new_species,
INSERT,NEW,-,,-,Crabro peltarius,-,NHMSYS0000875734,-,new_species,
INSERT,NEW,-,,-,Tenthredo thompsoni,-,NBNSYS0100005777,-,new_species,
INSERT,NEW,-,,-,Hedychridium roseum,-,NHMSYS0000876044,-,new_species,
INSERT,NEW,-,Forest Cuckoo Bee,-,Bombus sylvestris,-,NHMSYS0000875594,-,new_species,
INSERT,NEW,-,Northern Mining Bee,-,Andrena ruficrus,-,NHMSYS0000875264,-,new_species,
INSERT,NEW,-,,-,Lindenius panzeri,-,NHMSYS0000876242,-,new_species,
INSERT,NEW,-,Bee Wolf,-,Philanthus triangulum,-,NHMSYS0000876577,-,new_species,
INSERT,NEW,-,,-,Auplopus carbonarius,-,NBNSYS0000009398,-,new_species,
INSERT,NEW,-,Rufous-footed Furrow Bee,-,Lasioglossum rufitarse,-,NHMSYS0000876206,-,new_species,
INSERT,NEW,-,Red Banded Sand Wasp,-,Ammophila sabulosa,-,NHMSYS0000875039,-,new_species,
INSERT,NEW,-,Heath Bumblebee,-,Bombus jonellus,-,NHMSYS0000875565,-,new_species,
INSERT,NEW,-,,-,Hoplocampa crataegi,-,NHMSYS0020481259,-,new_species,
INSERT,NEW,-,Melancholy Black Wasp,-,Diodontus tristis,-,NHMSYS0000875831,-,new_species,
INSERT,NEW,-,Little Carpenter Bee,-,Ceratina cyanea,-,NHMSYS0000875623,-,new_species,
INSERT,NEW,-,Red Ant,-,Myrmica rubra,-,NBNSYS0000009343,-,new_species,
INSERT,NEW,-,Large Spurred Digger Wasp,-,Nysson spinosus,-,NHMSYS0000876471,-,new_species,
INSERT,NEW,-,Square-jawed Sharp-tail Bee,-,Coelioxys mandibularis,-,NHMSYS0000875702,-,new_species,
INSERT,NEW,-,,-,Chrysis angustula,-,NHMSYS0000875654,-,new_species,
INSERT,NEW,-,,-,Dacnusa areolaris,-,NBNSYS0100002727,-,new_species,
INSERT,NEW,-,,-,Tenthredo scrophulariae,-,NBNSYS0000013487,-,new_species,
INSERT,NEW,-,Green-eyed Flower Bee,-,Anthophora bimaculata,-,NHMSYS0000875402,-,new_species,
INSERT,NEW,-,Barberry Fusehorn,-,Arge berberidis,-,NHMSYS0020480767,-,new_species,
INSERT,NEW,-,,-,Ectemnius cavifrons,-,NHMSYS0000875878,-,new_species,
INSERT,NEW,-,Black-headed Mason Wasp,-,Odynerus melanocephalus,-,NHMSYS0000876481,-,new_species,
INSERT,NEW,-,Wood-carving Leafcutter Bee,-,Megachile ligniseca,-,NHMSYS0000876300,-,new_species,
INSERT,NEW,-,,-,Pristiphora monogyniae,-,NBNSYS0000013566,-,new_species,
INSERT,NEW,-,Long-horned Nomad Bee,-,Nomada hirtipes,-,NHMSYS0000876430,-,new_species,
INSERT,NEW,-,Sheppard's Nomad Bee,-,Nomada sheppardana,-,NHMSYS0000876455,-,new_species,
INSERT,NEW,-,,-,Ectemnius cephalotes,-,NHMSYS0000875879,-,new_species,
INSERT,NEW,-,Sea Aster Bee,-,Colletes halophilus,-,NHMSYS0000875726,-,new_species,
INSERT,NEW,-,,-,Entomognathus brevis,-,NHMSYS0000875906,-,new_species,
INSERT,NEW,-,,-,Nematus septentrionalis,-,NHMSYS0021240598,-,new_species,
INSERT,NEW,-,Broken-belted Bumblebee,-,Bombus soroeensis,-,NHMSYS0000875588,-,new_species,
INSERT,NEW,-,Small Sandpit Mining Bee,-,Andrena argentata,-,NHMSYS0000875164,-,new_species,
INSERT,NEW,-,,-,Ametastegia carpini,-,NHMSYS0020920030,-,new_species,
INSERT,NEW,-,Red-tailed Mason Bee,-,Osmia bicolor,-,NHMSYS0000876508,-,new_species,
INSERT,NEW,-,,-,Ametastegia equiseti,-,NBNSYS0000013383,-,new_species,
INSERT,NEW,-,,-,Allantus cinctus,-,NHMSYS0020480666,-,new_species,
INSERT,NEW,-,Grey-tailed Furrow Bee,-,Lasioglossum prasinum,-,NHMSYS0000876201,-,new_species,
INSERT,NEW,-,Large Shaggy Bee,-,Panurgus banksianus,-,NHMSYS0000876528,-,new_species,
INSERT,NEW,-,Bronze Furrow Bee,-,Halictus tumulorum,-,NHMSYS0000876034,-,new_species,
INSERT,NEW,-,Red Bartsia Blunthorn Bee,-,Melitta tricincta,-,NHMSYS0000876315,-,new_species,
INSERT,NEW,-,Tormentil Mining Bee,-,Andrena tarsata,-,NHMSYS0000875281,-,new_species,
INSERT,NEW,-,Minute Black Wasp,-,Diodontus minutus,-,NHMSYS0000875830,-,new_species,
INSERT,NEW,-,Sickle-jawed Blood Bee,-,Sphecodes puncticeps,-,NHMSYS0000876691,-,new_species,
INSERT,NEW,-,,-,Tenthredo arcuata,-,NBNSYS0000013467,-,new_species,
INSERT,NEW,-,Davies' Colletes,-,Colletes daviesanus,-,NHMSYS0000875723,-,new_species,
INSERT,NEW,-,,-,Ancistrocerus trifasciatus,-,NHMSYS0000875054,-,new_species,
INSERT,NEW,-,,-,Euura bridgmanii,-,NHMSYS0021240088,-,new_species,
INSERT,NEW,-,Great Yellow Bumblebee,-,Bombus distinguendus,-,NHMSYS0000875554,-,new_species,
INSERT,NEW,-,,-,Cladius brullei,-,NHMSYS0020920099,-,new_species,
INSERT,NEW,-,,-,Priocnemis pusilla,-,NBNSYS0000009409,-,new_species,
INSERT,NEW,-,,-,Claremontia tenuicornis,-,NHMSYS0020480941,-,new_species,
INSERT,NEW,-,Red-tailed Bumblebee,-,Bombus lapidarius,-,NHMSYS0000875567,-,new_species,
INSERT,NEW,-,,-,Monostegia abdominalis,-,NHMSYS0020481417,-,new_species,
INSERT,NEW,-,,-,Mimumesa littoralis,-,NHMSYS0000876342,-,new_species,
INSERT,NEW,-,Grey-patched Mining Bee,-,Andrena nitida,-,NHMSYS0001685273,-,new_species,
INSERT,NEW,-,,-,Pristiphora armata,-,NBNSYS0100004861,-,new_species,
INSERT,NEW,-,Bare-saddled Blood Bee,-,Sphecodes ephippius,-,NHMSYS0000876679,-,new_species,
INSERT,NEW,-,,-,Endelomyia aethiops,-,NHMSYS0020481120,-,new_species,
INSERT,NEW,-,,-,Evagetes dubius,-,NHMSYS0000875943,-,new_species,
INSERT,NEW,-,Black-headed Velvet Ant,-,Myrmosa atra,-,NHMSYS0000876382,-,new_species,
INSERT,NEW,-,4-Spotted Digger Wasp,-,Crossocerus quadrimaculatus,-,NHMSYS0000875801,-,new_species,
INSERT,NEW,-,Pale Jawed Spiny Digger Wasp,-,Oxybelus mandibularis,-,NHMSYS0000876523,-,new_species,
INSERT,NEW,-,,-,Sussaba cognata,-,NHMSYS0000901638,-,new_species,
INSERT,NEW,-,,-,Nysson trimaculatus,-,NHMSYS0000876472,-,new_species,
INSERT,NEW,-,Four-spotted Furrow Bee,-,Lasioglossum quadrinotatum,-,NHMSYS0000876205,-,new_species,
INSERT,NEW,-,Skullcap Tigress,-,Athalia scutellariae,-,NHMSYS0020480807,-,new_species,
INSERT,NEW,-,,-,Myrmica sulcinodis,-,NHMSYS0000876377,-,new_species,
INSERT,NEW,-,Shiny-vented Sharp-tail Bee,-,Coelioxys inermis,-,NHMSYS0000875701,-,new_species,
INSERT,NEW,-,Orange-tailed Mining Bee,-,Andrena haemorrhoa,-,NHMSYS0000875215,-,new_species,
INSERT,NEW,-,,-,Priocnemis perturbator,-,NBNSYS0000009411,-,new_species,
INSERT,NEW,-,,-,Dolerus vestigialis,-,NHMSYS0020920117,-,new_species,
INSERT,NEW,-,,-,Fenusa dohrnii,-,NHMSYS0020481193,-,new_species,
INSERT,NEW,-,Smooth-gastered Furrow Bee,-,Lasioglossum parvulum,-,NHMSYS0000876198,-,new_species,
